record,lead,mean,std,min,max,range
100,MLII,-0.3062989769230769,0.19319954213721688,-2.715,1.435,4.15
100,V5,-0.19103443076923077,0.14821322436294473,-2.465,1.225,3.69
101,MLII,-0.28422196923076926,0.26115644466717464,-3.175,2.42,5.595
101,V1,-0.07811442307692308,0.04941477379183202,-0.565,0.735,1.2999999999999998
102,V5,-0.24585376923076924,0.19048907095952688,-1.66,1.375,3.035
102,V2,0.012582761538461537,1.1435078400039624,-3.37,2.535,5.905
103,MLII,-0.23143039230769233,0.32184030156059595,-2.61,3.125,5.734999999999999
103,V2,0.04701551538461539,0.6871080938682594,-5.12,5.115,10.235
104,V5,-0.2250754692307692,0.25038160943419296,-1.935,1.975,3.91
104,V2,0.07159461538461538,0.20230744475123785,-1.77,1.51,3.2800000000000002
105,MLII,-0.22515476153846153,0.40508494143776247,-3.715,3.0,6.715
105,V1,0.08091805384615385,0.2793865207643845,-2.565,2.26,4.824999999999999
106,MLII,-0.17783184615384615,0.36806037646598694,-2.065,2.57,4.635
106,V1,0.015549869230769233,0.13739733058368112,-2.665,1.795,4.46
107,MLII,-0.23264420000000002,0.8580333374679332,-3.315,3.465,6.779999999999999
107,V1,0.09453460769230769,0.6115204915008038,-3.375,2.785,6.16
108,MLII,-0.22867901538461535,0.30080342968014545,-3.035,2.365,5.4
108,V1,0.10753389230769231,0.5050151497397836,-4.49,3.15,7.640000000000001
109,MLII,-0.2303250076923077,0.499214010860303,-3.195,3.13,6.324999999999999
109,V1,0.10746056153846152,0.3319635021388648,-1.915,1.44,3.355
111,MLII,-0.16380573846153845,0.25702995644206245,-2.82,2.375,5.195
111,V1,0.07659646153846153,0.30611407213114206,-1.73,2.75,4.48
112,MLII,-0.8223962769230768,0.22355213385073205,-2.635,0.82,3.4549999999999996
112,V1,-0.6346581769230769,0.10767524090123007,-1.225,0.495,1.7200000000000002
113,MLII,-0.15514067692307693,0.4126006237858407,-1.225,2.55,3.775
113,V1,0.07265367692307692,0.14887495526944833,-0.785,1.01,1.795
114,V5,-0.15548340769230767,0.17133662831285787,-2.39,1.815,4.205
114,MLII,0.06883706153846153,0.3754537104996844,-2.505,3.77,6.275
115,MLII,-0.4881058615384615,0.3634339997338794,-2.885,2.41,5.295
115,V1,-0.20909145384615385,0.24484144187467724,-4.9,3.54,8.440000000000001
116,MLII,-0.9363103461538463,0.6641149274038715,-5.12,5.115,10.235
116,V1,-0.7615622538461538,0.22986472195920304,-2.555,0.165,2.72
117,MLII,-0.8518542615384616,0.23894664986849626,-3.015,0.71,3.725
117,V2,-0.4939506230769231,0.3011360592061787,-3.78,3.26,7.039999999999999
118,MLII,-0.8580768230769231,0.4280378470484908,-3.09,2.395,5.484999999999999
118,V1,-0.5150327769230769,0.3493343084225452,-3.83,3.845,7.675000000000001
119,MLII,-0.8611456076923077,0.5354851456733991,-2.985,2.5,5.484999999999999
119,V1,-0.5256252615384616,0.38051369758263437,-4.145,2.32,6.465
121,MLII,-0.8097007923076921,0.30132826460801837,-4.45,1.4,5.85
121,V1,-0.5878802384615385,0.27435346199933414,-3.665,1.33,4.995
122,MLII,-0.8436382846153846,0.36585352722784764,-2.2,1.25,3.45
122,V1,-0.4834280384615384,0.13495525602668942,-1.575,0.36,1.935
123,MLII,-0.796464676923077,0.2904780443681975,-3.095,2.06,5.155
123,V5,-0.5019642076923077,0.18424795271711752,-1.905,0.835,2.74
124,MLII,-0.8081609153846153,0.4618418639185684,-3.605,2.595,6.2
124,V4,-0.5519109538461539,0.2614637582357878,-3.26,2.46,5.72
200,MLII,-0.10538900000000001,0.38012129347870405,-2.695,2.38,5.074999999999999
200,V1,0.06319706923076923,0.49471128683835053,-4.89,4.94,9.83
201,MLII,-0.15993703846153848,0.19387448714726213,-1.315,2.045,3.36
201,V1,-0.15414963846153845,0.1767739181963354,-2.075,0.865,2.9400000000000004
202,MLII,-0.16923303076923077,0.29752387685135556,-2.755,2.92,5.675
202,V1,0.04802289230769231,0.18057482437765007,-1.98,1.03,3.01
203,MLII,-0.1694699153846154,0.49549454639814206,-4.305,3.64,7.945
203,V1,0.024794853846153844,0.23168261270634916,-1.565,2.05,3.6149999999999998
205,MLII,-0.305718876923077,0.19677939049519838,-2.175,1.455,3.63
205,V1,-0.42856373846153845,0.10546719905198042,-1.53,0.41,1.94
207,MLII,-0.17093456923076925,0.3541490256228071,-3.955,2.285,6.24
207,V1,0.06231185384615385,0.30840367338096175,-1.995,3.065,5.0600000000000005
208,MLII,-0.16541629230769234,0.4823349709892245,-3.485,3.65,7.135
208,V1,0.05548634615384616,0.31214302054524773,-2.56,2.87,5.43
209,MLII,-0.16468404615384616,0.2681100108955238,-1.455,1.885,3.34
209,V1,0.05810835384615385,0.100440275316219,-1.445,1.09,2.535
210,MLII,-0.15675947692307693,0.2611916602703909,-1.62,3.32,4.9399999999999995
210,V1,0.0752572,0.13390831623111504,-1.915,2.405,4.32
212,MLII,-0.15616623076923078,0.33130133933362604,-1.855,2.545,4.4
212,V1,0.08886215384615385,0.3718190986922055,-3.23,2.435,5.665
213,MLII,-0.2208729692307692,0.6712426148008797,-2.53,3.285,5.8149999999999995
213,V1,-0.10429416923076922,0.7021116087827779,-3.555,2.69,6.245
214,MLII,-0.1611474,0.4700658289539488,-2.73,2.8,5.529999999999999
214,V1,0.08903745384615384,0.43926806202203456,-2.445,2.235,4.68
215,MLII,-0.1519386153846154,0.2820310533932085,-1.38,2.5,3.88
215,V1,0.10287416923076924,0.164955191110525,-1.55,1.77,3.3200000000000003
217,MLII,-0.16514164615384616,0.6159512571357707,-3.365,3.4,6.765000000000001
217,V1,0.036404415384615384,0.333183102931355,-1.505,1.235,2.74
219,MLII,-0.5867740692307692,0.5512893196386043,-2.27,2.65,4.92
219,V1,-0.5115912769230768,0.49774716588389173,-3.105,3.225,6.33
220,MLII,-0.5404387923076923,0.31854127030007845,-2.125,1.915,4.04
220,V1,-0.39456007692307693,0.10864987843099966,-1.68,0.0,1.68
221,MLII,-0.16401040769230768,0.30077782916092216,-1.39,2.23,3.62
221,V1,0.07685076153846154,0.1869801929786766,-1.815,1.175,2.99
222,MLII,-0.1565349,0.1856656808447066,-1.12,1.605,2.725
222,V1,0.0783247,0.19035972653188651,-2.2,1.765,3.965
223,MLII,-0.5114729538461539,0.4070061088457228,-3.31,2.605,5.915
223,V1,-0.29720646923076927,0.5519665199515092,-5.12,5.115,10.235
228,MLII,-0.13842795384615386,0.34637480185948555,-2.375,2.89,5.265000000000001
228,V1,-0.001354976923076922,0.49906217648613327,-3.135,3.655,6.789999999999999
230,MLII,-0.16996823846153847,0.3545909786029381,-3.135,2.615,5.75
230,V1,0.018882961538461536,0.29184865485463535,-3.96,1.985,5.945
231,MLII,-0.15817635384615386,0.27196043633236466,-1.355,2.05,3.405
231,V1,0.12782755384615385,0.1953352853646209,-1.59,2.075,3.665
232,MLII,-0.1513895076923077,0.16507075836856455,-1.12,1.2,2.3200000000000003
232,V1,0.041509,0.1728987447004749,-1.35,1.61,2.96
233,MLII,-0.1537215923076923,0.5436778848559729,-2.985,2.955,5.9399999999999995
233,V1,0.06268650769230769,0.4667411277879065,-2.85,2.59,5.4399999999999995
234,MLII,-0.16079954615384615,0.3374775486478063,-2.615,2.86,5.475
234,V1,0.04893588461538462,0.14356020770175593,-1.555,1.11,2.665
