record,rr_mean,rr_std,rr_min,rr_max,hr_mean
100,806.6651772415847,100.66494273273189,652.7777777777778,1666.6666666666667,74.38030262465496
101,970.7548861395017,86.01422716120074,750.0,2075.0,61.807569404680535
102,16466.609977324264,152803.5916117115,744.4444444444445,1521352.777777778,3.6437372405506916
103,867.1178386459501,54.448807707456865,647.2222222222223,1844.4444444444446,69.19474761780145
104,10411.213991769546,16153.46555937434,647.2222222222223,118597.22222222223,5.76301669021809
105,714.5687568756875,104.78283464696355,591.6666666666666,2030.5555555555554,83.96672737601668
106,1197.875166002656,433.7376448833464,683.3333333333334,2969.4444444444443,50.088691796008874
108,1037.7627627627628,156.72765611442648,769.4444444444445,3286.111111111111,57.816682341025825
109,724.6308934386012,96.79329111347369,583.3333333333334,1527.7777777777776,82.80077559939676
111,850.2552623311342,42.65390118809958,611.1111111111112,1736.111111111111,70.56704340235278
112,711.7058797756747,29.899409869274322,652.7777777777778,1591.6666666666665,84.30448827950056
113,1009.5451155853841,100.03464138210474,669.4444444444443,1680.5555555555557,59.43270793322499
114,991.8041048194978,244.3711118126866,702.7777777777777,5638.88888888889,60.495817378089626
115,924.6840846994536,87.14212420210725,700.0,1308.3333333333333,64.88702573430965
116,784.2906465787821,163.07633600365887,655.5555555555555,2050.0,76.5022511255628
117,1177.3157208088714,41.42336634095846,855.5555555555555,1572.2222222222222,50.963389802335406
118,833.5565819861432,180.02409906907442,622.2222222222223,2413.8888888888887,71.9807164824204
119,1169.9794638996973,426.99688854999755,680.5555555555555,2025.0,51.282951411823944
121,970.3031660692951,88.75132268258936,711.1111111111111,2030.5555555555554,61.83634362759056
122,729.3063973063972,40.106732184967406,602.7777777777777,913.8888888888889,82.26994884674338
123,1191.8739908997504,115.33355914890411,852.7777777777777,1522.2222222222222,50.34089212292128
124,1175.5935577271082,1350.4159973393187,863.8888888888889,52647.222222222226,51.03804763612686
200,1035.5912743972444,421.78584977613247,527.7777777777778,3288.8888888888887,57.9379157427938
201,1104.3808649530804,604.1652530734291,363.88888888888886,3997.222222222222,54.32908329369606
202,875.8481661272923,333.2727096821327,363.88888888888886,4316.666666666666,68.50502440999556
203,713.8691104078762,293.17204667311944,286.1111111111111,4713.888888888889,84.04902120742892
205,702.1487246000864,231.53623491874794,602.7777777777777,9422.222222222223,85.45198174955513
207,1136.9469664216747,5319.294257394367,641.6666666666667,208444.44444444447,52.772910058275315
208,1138.1913774973711,554.4682492577379,441.66666666666663,3619.4444444444443,52.71521220967831
209,688.7913486005089,823.0976429970185,483.3333333333333,29075.0,87.1091080367203
210,745.3722818607212,226.95920616777616,463.8888888888889,4869.444444444444,80.49668797747363
212,657.0106783157383,41.32809456311854,544.4444444444443,983.3333333333333,91.32271663196
213,683.8141835016835,248.59749630328818,438.88888888888886,3375.0,87.74313468134181
214,901.6441891441892,304.79923594857604,633.3333333333333,4561.111111111111,66.54509697106795
215,565.0794893202533,139.84137517798703,463.8888888888889,2038.8888888888887,106.17975193574154
217,5090.683584819387,20547.06177128945,586.1111111111111,239777.77777777778,11.78623636694339
219,866.886913342944,255.64165139025218,508.3333333333333,3077.777777777778,69.21318003131944
220,924.3272458326221,177.7001607946544,752.7777777777777,2805.555555555555,64.91207553440965
221,888.8752052545157,305.1074608498652,530.5555555555555,2452.777777777778,67.50103911698147
222,794.0778217724985,301.1823501676326,338.8888888888889,2755.5555555555557,75.55934488394497
223,882.861763426832,1531.4064520550487,616.6666666666667,55802.777777777774,67.96080936511478
228,1069.6189817559111,374.9628119491244,708.3333333333334,2930.555555555555,56.09474123346485
230,800.7147786650892,86.42116666297748,594.4444444444445,1269.4444444444443,74.93304931879607
231,1151.6734028220947,322.3416821061309,827.7777777777777,2366.6666666666665,52.09810337980735
232,4536.481947942905,3237.090414580854,691.6666666666666,28116.666666666668,13.226107959540622
233,809.5633318378943,322.08001648364717,447.22222222222223,2391.6666666666665,74.11402868727545
234,668.5984521016013,499.3492661136361,572.2222222222222,26563.88888888889,89.7399624713494
